arch	modality	classification	graph_file	clinical_csv	mel_dir	acc_mean	precision_mean	recall_mean	f1_mean	auc_mean	acc_std	precision_std	recall_std	f1_std	auc_std
GCN	clinical	binary	patient_graph/patient_graph_clinical_features_k10.pt	patient/clinical_features.csv	mel_generation/	0.7790940766550521	0.7488977756660683	0.7790940766550521	0.7438183045681696	0.7317106549364614	0.08542370853903342	0.1489213726528799	0.08542370853903342	0.11552217439734119	0.14358851498054034
