arch	modality	classification	graph_file	clinical_csv	mel_dir	acc_mean	precision_mean	recall_mean	f1_mean	auc_mean	acc_std	precision_std	recall_std	f1_std	auc_std
GraphSAGE	clinical	binary	patient_graph/patient_graph_BioBERT_k10.pt	patient/clinical_features.csv	mel_generation/	0.7882694541231127	0.7664214570900111	0.7882694541231127	0.7650836270207844	0.7622678396871947	0.08137399228532334	0.11478561071579141	0.08137399228532334	0.1066355858326127	0.1153956379613105
