arch	modality	classification	graph_file	clinical_csv	mel_dir	acc_mean	precision_mean	recall_mean	f1_mean	auc_mean	acc_std	precision_std	recall_std	f1_std	auc_std
GAT	clinical	binary	patient_graph/patient_graph_BioBERT_k10.pt	patient/clinical_features.csv	mel_generation/	0.7643437862950058	0.7485512813346386	0.7643437862950058	0.7449733412903582	0.7615281850765723	0.07007296966961153	0.08500920107561355	0.07007296966961153	0.08110709055827982	0.10712823998310807
