arch	modality	classification	graph_file	text_dir	acc_mean	precision_mean	recall_mean	f1_mean	auc_mean	acc_std	precision_std	recall_std	f1_std	auc_std
GAT	mel	multiclass	patient_graph/patient_graph_BioBERT_k10.pt	embeddings/BioBERT_embeddings/	0.3031358885017422	0.20214986437618024	0.3031358885017422	0.22525145054156953	0.5713932522750771	0.08479805956866765	0.08998376425872649	0.08479805956866765	0.08425987367301267	0.036216368232943226
