arch	modality	classification	graph_file	text_dir	acc_mean	precision_mean	recall_mean	f1_mean	auc_mean	acc_std	precision_std	recall_std	f1_std	auc_std
GraphSAGE	mel	binary	patient_graph/patient_graph_BioBERT_k10.pt	embeddings/BioBERT_embeddings/	0.5685249709639952	0.5750819524017764	0.5685249709639952	0.5049602779895338	0.4934229390681003	0.1747321043759374	0.044148584466081255	0.1747321043759374	0.16067723304018885	0.061963860340935095
