arch	modality	classification	graph_file	clinical_csv	mel_dir	acc_mean	precision_mean	recall_mean	f1_mean	auc_mean	acc_std	precision_std	recall_std	f1_std	auc_std
GraphSAGE	both	multiclass	patient_graph/patient_graph_BioBERT_k10.pt	patient/clinical_features.csv	mel_generation/	0.28850174216027874	0.3746209441974384	0.28850174216027874	0.23030409436096416	0.5366965303998741	0.09297272465282422	0.13184718179566954	0.09297272465282422	0.08342892235962324	0.06775230629357237
