arch	modality	classification	graph_file	clinical_csv	mel_dir	acc_mean	precision_mean	recall_mean	f1_mean	auc_mean	acc_std	precision_std	recall_std	f1_std	auc_std
GCN	clinical	binary	patient_graph/patient_graph_BioBERT_k10.pt	patient/clinical_features.csv	mel_generation/	0.72137049941928	0.7059200960635226	0.72137049941928	0.6859888781532348	0.7300439882697947	0.051575333515435674	0.09054032229836938	0.051575333515435674	0.048843772324014136	0.07688977069783902
