arch	modality	classification	graph_file	clinical_csv	mel_dir	acc_mean	precision_mean	recall_mean	f1_mean	auc_mean	acc_std	precision_std	recall_std	f1_std	auc_std
GAT	clinical	multiclass	patient_graph/patient_graph_clinical_features_k10.pt	patient/clinical_features.csv	mel_generation/	0.45632984901277585	0.3775420808497535	0.45632984901277585	0.4071747901376492	0.7035487187561437	0.05227835674182689	0.061468954505937215	0.05227835674182689	0.05239124668285175	0.05144484264365466
