arch	modality	classification	graph_file	text_dir	acc_mean	precision_mean	recall_mean	f1_mean	auc_mean	acc_std	precision_std	recall_std	f1_std	auc_std
GAT	mel	binary	patient_graph/patient_graph_BioBERT_k10.pt	embeddings/BioBERT_embeddings/	0.6526132404181185	0.6900615928349996	0.6526132404181185	0.6266069340408056	0.5995275333985012	0.14733728252861686	0.12580056000136405	0.14733728252861686	0.14090374096805133	0.057016779031876644
