arch	modality	classification	graph_file	text_dir	acc_mean	precision_mean	recall_mean	f1_mean	auc_mean	acc_std	precision_std	recall_std	f1_std	auc_std
GCN	mel	binary	patient_graph/patient_graph_BioBERT_k10.pt	embeddings/BioBERT_embeddings/	0.6333333333333334	0.43451386106693324	0.6333333333333334	0.5098408505122765	0.5042424242424242	0.20433657882224032	0.20323931523279667	0.20433657882224032	0.2219993373752626	0.009486348995453616
