arch	modality	classification	graph_file	text_dir	acc_mean	precision_mean	recall_mean	f1_mean	auc_mean	acc_std	precision_std	recall_std	f1_std	auc_std
GCN	text	binary	patient_graph/patient_graph_BioBERT_k10.pt	embeddings/BioBERT_embeddings/	0.7164924506387921	0.583688728011835	0.7164924506387921	0.6140295632876095	0.6794037145650049	0.0412871158023509	0.1270923677676358	0.0412871158023509	0.032997347775080545	0.11824533565409336
